encoding,r2
onehot,0.9623073057859476
ordinal,0.9747459757280443
