{
    "model_name": "crop_recommender",
    "model_type": "RandomForestClassifier",
    "date_trained": "2026-07-05T16:56:37.433621",
    "input_features": [
        "N",
        "P",
        "K",
        "temperature",
        "humidity",
        "pH",
        "rainfall"
    ],
    "output_classes": [
        0,
        1,
        2,
        3,
        4,
        5,
        6,
        7,
        8,
        9,
        10,
        11,
        12,
        13,
        14,
        15,
        16,
        17,
        18,
        19,
        20,
        21,
        22,
        23,
        24,
        25,
        26,
        27,
        28,
        29,
        30,
        31,
        32,
        33,
        34,
        35,
        36,
        37,
        38,
        39,
        40,
        41,
        42,
        43,
        44,
        45,
        46,
        47,
        48,
        49,
        50,
        51,
        52,
        53,
        54,
        55,
        56,
        57,
        58,
        59,
        60,
        61,
        62,
        63,
        64,
        65,
        66,
        67,
        68,
        69,
        70,
        71,
        72,
        73,
        74,
        75,
        76,
        77,
        78,
        79,
        80,
        81,
        82,
        83,
        84,
        85,
        86,
        87,
        88,
        89,
        90,
        91,
        92,
        93,
        94,
        95,
        96,
        97,
        98,
        99,
        100,
        101,
        102,
        103,
        104,
        105,
        106,
        107,
        108,
        109,
        110
    ],
    "hyperparameters": {
        "n_estimators": 600,
        "max_depth": null,
        "min_samples_leaf": 1,
        "max_leaf_nodes": null
    },
    "test_metrics": {
        "accuracy": 0.9566593620647674,
        "macro_avg_precision": 0.955371698278003,
        "macro_avg_recall": 0.9566593620647675,
        "macro_avg_f1": 0.9553465330802866
    },
    "feature_importances": {
        "rainfall": 0.18532772215685495,
        "humidity": 0.17773295341841872,
        "temperature": 0.1706270992052446,
        "K": 0.15482376451139435,
        "N": 0.1495963164628782,
        "P": 0.1420404310389026,
        "pH": 0.019851713206306673
    }
}